"row_id","application_text","label","reason"
"0","Ms. Amina Khatik's monthly salary of Rs.290526 at Tata Motors, with a CIBIL score of 847, is applying for a Rs.1000000 working capital loan. She has been employed for 11 years and has 0 existing loan(s).","APPROVED","Bureau score 847 clears the minimum threshold with adequate margin. 11 years at the same employer signals career stability and predictable income."
"1","Mr. Abdul Singh has approached us for a personal emergency loan of Rs.50000. Background: 0-year employee at Infosys. Earning Rs.6696 per month. Credit bureau shows 427. Outstanding loans: 5. City: Jaipur.","REJECTED","Credit history reflected in the 427 score presents unacceptable default probability. The 0-year tenure fails to meet the minimum employment history requirement."
"2","Ms. Geeta Kulkarni works at an auto-rickshaw cooperative for the past 2 years. Her credit score stands at 419 and monthly take-home is Rs.8825. She is requesting Rs.100000 for debt consolidation and currently has 3 existing loan(s).","REJECTED","The 3 outstanding loan(s) leave insufficient residual income for this facility. Employment tenure of 2 year(s) is below the minimum for this loan category."
"3","Credit profile of Ms. Anita Sinha: CIBIL 428. Monthly income Rs.11741. Employer: Paytm (1 years). Loan request: Rs.150000 (agricultural equipment). Existing liabilities: 3 loan(s) outstanding. Based in Pune.","REJECTED","Bureau rating of 428 signals prior defaults inconsistent with approval. Outstanding liabilities of 3 loan(s) exceed portfolio risk tolerance."
"4","Ms. Puja Kulkarni works at HDFC Bank for the past 1 years. Her credit score stands at 436 and monthly take-home is Rs.6522. She is requesting Rs.100000 for home purchase and currently has 3 existing loan(s).","REJECTED","Current liability of 3 loan(s) saturates available repayment capacity. A bureau score of 436 is below the risk-adjusted minimum for unsecured lending."
"5","Mr. Rahul Hasan has approached us for a working capital loan of Rs.3000000. Background: 7-year employee at Flipkart. Earning Rs.257670 per month. Credit bureau shows 872. Outstanding loans: 0. City: Bengaluru.","APPROVED","Consistent employment over 7 years mitigates income interruption risk. Credit history encoded in the 872 score is within acceptable risk bands."
"6","Mr. Rahul Qureshi's monthly salary of Rs.248034 at a clinic, with a CIBIL score of 862, is applying for a Rs.3000000 debt consolidation loan. He has been employed for 12 years and has 0 existing loan(s).","APPROVED","A score of 862 places the applicant in the low-risk credit segment. Monthly income of Rs.248034 comfortably supports the projected EMI of Rs.83333."
"7","Ms. Amina Pandey's monthly salary of Rs.5387 at ICICI Bank, with a CIBIL score of 432, is applying for a Rs.50000 business expansion loan. She has been employed for 1 years and has 5 existing loan(s).","REJECTED","Score 432 indicates delinquency patterns that preclude approval at this loan size. Short employment history of 1 year(s) elevates default probability materially."
"8","Ms. Anjali Singh works at a local kirana shop for the past 0 years. Her credit score stands at 409 and monthly take-home is Rs.8071. She is requesting Rs.50000 for two-wheeler purchase and currently has 5 existing loan(s).","REJECTED","CIBIL score of 409 falls below the minimum threshold of 650 for this product. 5 active obligations indicate over-leveraging inconsistent with approval."
"9","Mr. Imran Mistry's monthly salary of Rs.227394 at a small restaurant, with a CIBIL score of 884, is applying for a Rs.1000000 child's education loan. He has been employed for 9 years and has 0 existing loan(s).","APPROVED","Credit history encoded in the 884 score is within acceptable risk bands. Current debt load of 0 outstanding loan(s) is manageable given income level."
"10","Mr. Waseem Mishra's monthly salary of Rs.13871 at a clinic, with a CIBIL score of 410, is applying for a Rs.150000 laptop and equipment loan. He has been employed for 1 years and has 4 existing loan(s).","REJECTED","Short employment history of 1 year(s) elevates default probability materially. The 410 rating does not clear the floor requirement for the requested product."
"11","Credit profile of Ms. Rekha Mistry: CIBIL 852. Monthly income Rs.282793. Employer: a regional transport company (10 years). Loan request: Rs.1500000 (working capital). Existing liabilities: 0 loan(s) outstanding. Based in Pune.","APPROVED","A score of 852 places the applicant in the low-risk credit segment. The 0 active loan(s) do not materially impair residual repayment capacity."
"12","Mr. Nikhil Hussain works at Bajaj Finance for the past 7 years. His credit score stands at 820 and monthly take-home is Rs.269081. He is requesting Rs.2000000 for working capital and currently has 0 existing loan(s).","APPROVED","Bureau score 820 clears the minimum threshold with adequate margin. Rs.269081 monthly earnings adequately cover the estimated Rs.55556 monthly repayment."
"13","Mr. Rajesh Dhobi's monthly salary of Rs.159414 at Indian Railways, with a CIBIL score of 890, is applying for a Rs.2000000 debt consolidation loan. He has been employed for 10 years and has 0 existing loan(s).","APPROVED","Rs.159414 monthly earnings adequately cover the estimated Rs.55556 monthly repayment. Bureau assessment of 890 aligns with the bank's approval criteria."
"14","Mr. Ahmed Khatik's monthly salary of Rs.266373 at a freelance IT consultancy, with a CIBIL score of 895, is applying for a Rs.3000000 vehicle purchase loan. He has been employed for 11 years and has 0 existing loan(s).","APPROVED","Employment tenure of 11 years signals earnings continuity. Monthly take-home of Rs.266373 ensures debt service does not exceed prudent thresholds."
"15","Credit profile of Mr. Pradeep Nair: CIBIL 400. Monthly income Rs.12765. Employer: TCS (1 years). Loan request: Rs.100000 (medical emergency). Existing liabilities: 4 loan(s) outstanding. Based in Chennai.","REJECTED","Bureau rating of 400 signals prior defaults inconsistent with approval. The 1-year tenure fails to meet the minimum employment history requirement."
"16","Credit profile of Mr. Salman Gupta: CIBIL 444. Monthly income Rs.11133. Employer: a regional transport company (0 years). Loan request: Rs.100000 (debt consolidation). Existing liabilities: 5 loan(s) outstanding. Based in Chennai.","REJECTED","Current liability of 5 loan(s) saturates available repayment capacity. The 444 score places the applicant outside the bank's approved risk segment."
"17","Ms. Fatima Balmiki works at Indian Railways for the past 8 years. Her credit score stands at 862 and monthly take-home is Rs.263373. She is requesting Rs.1000000 for two-wheeler purchase and currently has 0 existing loan(s).","APPROVED","Income of Rs.263373 monthly supports the loan at a 11% EMI-to-income ratio. 8 years at the same employer signals career stability and predictable income."
"18","Ms. Seema Singh works at Reliance Retail for the past 1 years. Her credit score stands at 426 and monthly take-home is Rs.14147. She is requesting Rs.100000 for vehicle purchase and currently has 3 existing loan(s).","REJECTED","Income continuity cannot be assumed with only 1 year(s) at current employer. With 3 active loan(s), incremental debt service is not financially feasible."
"19","Ms. Amina Agarwal's monthly salary of Rs.5531 at a freelance IT consultancy, with a CIBIL score of 400, is applying for a Rs.100000 business expansion loan. She has been employed for 1 years and has 3 existing loan(s).","REJECTED","Credit history reflected in the 400 score presents unacceptable default probability. The 1-year tenure fails to meet the minimum employment history requirement."
"20","Ms. Shabana Khan has approached us for a two-wheeler purchase loan of Rs.2000000. Background: 5-year employee at a freelance IT consultancy. Earning Rs.257976 per month. Credit bureau shows 896. Outstanding loans: 0. City: Chennai.","APPROVED","The 0 active loan(s) do not materially impair residual repayment capacity. Consistent employment over 5 years mitigates income interruption risk."
"21","Mr. Deepak Mehta has approached us for a two-wheeler purchase loan of Rs.50000. Background: 1-year employee at a clinic. Earning Rs.13633 per month. Credit bureau shows 416. Outstanding loans: 3. City: Patna.","REJECTED","3 existing loan(s) push total debt obligations beyond acceptable DTI limits. Credit score 416 does not meet underwriting criteria for a Rs.50000 facility."
"22","Ms. Sunita Singh's monthly salary of Rs.9803 at Tech Mahindra, with a CIBIL score of 412, is applying for a Rs.50000 business expansion loan. She has been employed for 1 years and has 3 existing loan(s).","REJECTED","Outstanding liabilities of 3 loan(s) exceed portfolio risk tolerance. Employment tenure of 1 year(s) is below the minimum for this loan category."
"23","Ms. Kavita Mistry has approached us for a laptop and equipment loan of Rs.2000000. Background: 12-year employee at a clinic. Earning Rs.258956 per month. Credit bureau shows 832. Outstanding loans: 0. City: Chennai.","APPROVED","Bureau assessment of 832 aligns with the bank's approval criteria. The 0.6x income-to-loan ratio is consistent with current credit policy."
"24","Mr. Suresh Malik's monthly salary of Rs.183886 at a tailoring unit, with a CIBIL score of 893, is applying for a Rs.3000000 working capital loan. He has been employed for 15 years and has 0 existing loan(s).","APPROVED","15 years of stable employment reduces income volatility risk. Credit history encoded in the 893 score is within acceptable risk bands."
"25","Mr. Nikhil Menon has approached us for a laptop and equipment loan of Rs.50000. Background: 2-year employee at a freelance IT consultancy. Earning Rs.5032 per month. Credit bureau shows 403. Outstanding loans: 3. City: Ahmedabad.","REJECTED","Current liability of 3 loan(s) saturates available repayment capacity. Score 403 indicates delinquency patterns that preclude approval at this loan size."
"26","Ms. Nisha Dubey's monthly salary of Rs.9637 at Bajaj Finance, with a CIBIL score of 441, is applying for a Rs.50000 agricultural equipment loan. She has been employed for 0 years and has 3 existing loan(s).","REJECTED","The 441 rating does not clear the floor requirement for the requested product. Debt obligations across 3 existing loan(s) impair capacity to service new credit."
"27","Ms. Swati Lodhi works at HDFC Bank for the past 5 years. Her credit score stands at 839 and monthly take-home is Rs.166748. She is requesting Rs.2000000 for laptop and equipment and currently has 0 existing loan(s).","APPROVED","A score of 839 places the applicant in the low-risk credit segment. The 5-year employment record suggests low probability of income disruption."
"28","Credit profile of Mr. Rohit Chamar: CIBIL 876. Monthly income Rs.217551. Employer: BSNL (11 years). Loan request: Rs.3000000 (home purchase). Existing liabilities: 0 loan(s) outstanding. Based in Pune.","APPROVED","The 0 active loan(s) do not materially impair residual repayment capacity. Rs.217551 monthly earnings adequately cover the estimated Rs.83333 monthly repayment."
"29","Ms. Amina Hussain has approached us for a home renovation loan of Rs.3000000. Background: 15-year employee at a clinic. Earning Rs.210624 per month. Credit bureau shows 814. Outstanding loans: 0. City: Mumbai.","APPROVED","Salary of Rs.210624 per month leaves sufficient margin after the Rs.83333 EMI obligation. A CIBIL score of 814 demonstrates consistent repayment discipline."
"30","Credit profile of Mr. Arjun Trivedi: CIBIL 409. Monthly income Rs.11356. Employer: a regional transport company (2 years). Loan request: Rs.150000 (wedding). Existing liabilities: 4 loan(s) outstanding. Based in Lucknow.","REJECTED","The 2-year tenure fails to meet the minimum employment history requirement. Score 409 indicates delinquency patterns that preclude approval at this loan size."
"31","Credit profile of Ms. Sunita Shah: CIBIL 407. Monthly income Rs.9713. Employer: Zomato (1 years). Loan request: Rs.50000 (shop renovation). Existing liabilities: 5 loan(s) outstanding. Based in Kanpur.","REJECTED","A 1-year work record does not provide adequate income stability assurance. Score 407 indicates delinquency patterns that preclude approval at this loan size."
"32","Ms. Geeta Mirza works at a government school for the past 9 years. Her credit score stands at 852 and monthly take-home is Rs.218779. She is requesting Rs.500000 for vehicle purchase and currently has 0 existing loan(s).","APPROVED","Earnings of Rs.218779 per month reflect stable repayment capacity for this loan quantum. Credit bureau score of 852 indicates low default probability."
"33","Mr. Tariq Desai has approached us for a shop renovation loan of Rs.50000. Background: 0-year employee at a small restaurant. Earning Rs.7412 per month. Credit bureau shows 430. Outstanding loans: 3. City: Bhopal.","REJECTED","Credit history reflected in the 430 score presents unacceptable default probability. Employment duration of 0 year(s) presents unacceptable income continuity risk."
"34","Credit profile of Ms. Rukhsar Abbas: CIBIL 840. Monthly income Rs.174612. Employer: Paytm (5 years). Loan request: Rs.2000000 (home purchase). Existing liabilities: 0 loan(s) outstanding. Based in Mumbai.","APPROVED","At 0.9x annual salary, the loan quantum does not breach leverage thresholds. Employment tenure of 5 years signals earnings continuity."
"35","Mr. Abdul Malik's monthly salary of Rs.285355 at a tailoring unit, with a CIBIL score of 864, is applying for a Rs.3000000 agricultural equipment loan. He has been employed for 10 years and has 0 existing loan(s).","APPROVED","10 years at the same employer signals career stability and predictable income. Monthly take-home of Rs.285355 ensures debt service does not exceed prudent thresholds."
"36","Mr. Suresh Reddy has approached us for a travel loan of Rs.100000. Background: 2-year employee at Bajaj Finance. Earning Rs.12770 per month. Credit bureau shows 412. Outstanding loans: 5. City: Indore.","REJECTED","The 2-year tenure fails to meet the minimum employment history requirement. Bureau rating of 412 signals prior defaults inconsistent with approval."
"37","Mr. Mukesh Singh has approached us for a personal emergency loan of Rs.100000. Background: 2-year employee at a construction firm. Earning Rs.6741 per month. Credit bureau shows 434. Outstanding loans: 3. City: Ahmedabad.","REJECTED","A score of 434 reflects repayment irregularities unacceptable for this exposure. Employment tenure of 2 year(s) is below the minimum for this loan category."
"38","Mr. Mohammed Kumar's monthly salary of Rs.13456 at HDFC Bank, with a CIBIL score of 433, is applying for a Rs.150000 working capital loan. He has been employed for 0 years and has 5 existing loan(s).","REJECTED","The 0-year tenure fails to meet the minimum employment history requirement. Credit history reflected in the 433 score presents unacceptable default probability."
"39","Ms. Shreya Verma works at a regional transport company for the past 1 years. Her credit score stands at 417 and monthly take-home is Rs.13852. She is requesting Rs.100000 for medical emergency and currently has 5 existing loan(s).","REJECTED","Employment tenure of 1 year(s) is below the minimum for this loan category. Outstanding liabilities of 5 loan(s) exceed portfolio risk tolerance."
"40","Ms. Neha Rahman has approached us for a personal emergency loan of Rs.2000000. Background: 5-year employee at TCS. Earning Rs.150386 per month. Credit bureau shows 825. Outstanding loans: 0. City: Patna.","APPROVED","Bureau score 825 clears the minimum threshold with adequate margin. 5 years of stable employment reduces income volatility risk."
"41","Mr. Rahul Mirza's monthly salary of Rs.172328 at Bajaj Finance, with a CIBIL score of 860, is applying for a Rs.1500000 working capital loan. He has been employed for 8 years and has 0 existing loan(s).","APPROVED","The 8-year employment record suggests low probability of income disruption. Bureau assessment of 860 aligns with the bank's approval criteria."
"42","Ms. Shazia Khatik's monthly salary of Rs.155417 at Tech Mahindra, with a CIBIL score of 864, is applying for a Rs.3000000 working capital loan. She has been employed for 5 years and has 0 existing loan(s).","APPROVED","Bureau assessment of 864 aligns with the bank's approval criteria. 5 years of stable employment reduces income volatility risk."
"43","Mr. Deepak Dubey works at BSNL for the past 1 years. His credit score stands at 449 and monthly take-home is Rs.13563. He is requesting Rs.50000 for two-wheeler purchase and currently has 4 existing loan(s).","REJECTED","The 4 outstanding loan(s) leave insufficient residual income for this facility. 1-year tenure is insufficient to demonstrate stable earning capacity."
"44","Ms. Kavita Joshi's monthly salary of Rs.14109 at Paytm, with a CIBIL score of 427, is applying for a Rs.150000 working capital loan. She has been employed for 1 years and has 5 existing loan(s).","REJECTED","Employment tenure of 1 year(s) is below the minimum for this loan category. The 5 outstanding loan(s) leave insufficient residual income for this facility."
"45","Credit profile of Ms. Fatima Ram: CIBIL 880. Monthly income Rs.241189. Employer: Tech Mahindra (13 years). Loan request: Rs.1500000 (travel). Existing liabilities: 0 loan(s) outstanding. Based in Ahmedabad.","APPROVED","The 880 rating confirms no material defaults in recent credit history. 13-year work history at current employer supports income stability assumption."
"46","Ms. Puja Ali's monthly salary of Rs.289615 at HDFC Bank, with a CIBIL score of 855, is applying for a Rs.2000000 shop renovation loan. She has been employed for 10 years and has 0 existing loan(s).","APPROVED","Bureau assessment of 855 aligns with the bank's approval criteria. Monthly take-home of Rs.289615 ensures debt service does not exceed prudent thresholds."
"47","Mr. Manoj Chamar has approached us for a medical emergency loan of Rs.1500000. Background: 5-year employee at Tata Motors. Earning Rs.232552 per month. Credit bureau shows 881. Outstanding loans: 0. City: Lucknow.","APPROVED","A CIBIL score of 881 demonstrates consistent repayment discipline. Rs.232552 monthly earnings adequately cover the estimated Rs.41667 monthly repayment."
"48","Credit profile of Mr. Ahmed Nair: CIBIL 423. Monthly income Rs.12890. Employer: a dairy cooperative (1 years). Loan request: Rs.150000 (wedding). Existing liabilities: 3 loan(s) outstanding. Based in Bhopal.","REJECTED","Income continuity cannot be assumed with only 1 year(s) at current employer. Outstanding liabilities of 3 loan(s) exceed portfolio risk tolerance."
"49","Ms. Sunita Khanna has approached us for a laptop and equipment loan of Rs.50000. Background: 1-year employee at a government school. Earning Rs.11172 per month. Credit bureau shows 436. Outstanding loans: 3. City: Indore.","REJECTED","3 existing loan(s) push total debt obligations beyond acceptable DTI limits. Credit score 436 does not meet underwriting criteria for a Rs.50000 facility."
"50","Credit profile of Mr. Ravi Malhotra: CIBIL 425. Monthly income Rs.7445. Employer: Wipro (2 years). Loan request: Rs.50000 (agricultural equipment). Existing liabilities: 3 loan(s) outstanding. Based in Kolkata.","REJECTED","A 2-year work record does not provide adequate income stability assurance. A score of 425 reflects repayment irregularities unacceptable for this exposure."
"51","Credit profile of Mr. Vijay Ram: CIBIL 855. Monthly income Rs.291596. Employer: Reliance Retail (15 years). Loan request: Rs.1500000 (two-wheeler purchase). Existing liabilities: 0 loan(s) outstanding. Based in Patna.","APPROVED","A CIBIL score of 855 demonstrates consistent repayment discipline. The proposed Rs.1500000 exposure equals 0.4x annual earnings — acceptable risk."
"52","Mr. Amit Qureshi works at Indian Railways for the past 7 years. His credit score stands at 875 and monthly take-home is Rs.256227. He is requesting Rs.1500000 for two-wheeler purchase and currently has 0 existing loan(s).","APPROVED","Credit bureau score of 875 indicates low default probability. Debt picture with 0 existing loan(s) is within underwriting tolerance."
"53","Credit profile of Mr. Amit Sheikh: CIBIL 892. Monthly income Rs.260954. Employer: Flipkart (9 years). Loan request: Rs.2000000 (child's education). Existing liabilities: 0 loan(s) outstanding. Based in Patna.","APPROVED","Income of Rs.260954 monthly supports the loan at a 21% EMI-to-income ratio. Loan-to-annual-income ratio of 0.6x is within the bank's underwriting ceiling."
"54","Credit profile of Mr. Waseem Shah: CIBIL 431. Monthly income Rs.8976. Employer: an auto-rickshaw cooperative (0 years). Loan request: Rs.50000 (home purchase). Existing liabilities: 4 loan(s) outstanding. Based in Surat.","REJECTED","Employment duration of 0 year(s) presents unacceptable income continuity risk. A score of 431 reflects repayment irregularities unacceptable for this exposure."
"55","Mr. Mukesh Shaikh has approached us for a agricultural equipment loan of Rs.3000000. Background: 12-year employee at a regional transport company. Earning Rs.206449 per month. Credit bureau shows 841. Outstanding loans: 0. City: Bhopal.","APPROVED","Salary of Rs.206449 per month leaves sufficient margin after the Rs.83333 EMI obligation. Credit history encoded in the 841 score is within acceptable risk bands."
"56","Ms. Sana Desai has approached us for a vehicle purchase loan of Rs.50000. Background: 0-year employee at a government school. Earning Rs.13120 per month. Credit bureau shows 409. Outstanding loans: 3. City: Kolkata.","REJECTED","Current liability of 3 loan(s) saturates available repayment capacity. Credit bureau score of 409 indicates elevated repayment risk."
"57","Mr. Faisal Sinha's monthly salary of Rs.8610 at HCL Technologies, with a CIBIL score of 401, is applying for a Rs.100000 laptop and equipment loan. He has been employed for 0 years and has 3 existing loan(s).","REJECTED","The 401 score places the applicant outside the bank's approved risk segment. Existing exposure of 3 loan(s) exhausts the applicant's repayment bandwidth."
"58","Mr. Santosh Malhotra's monthly salary of Rs.6262 at Reliance Retail, with a CIBIL score of 413, is applying for a Rs.100000 two-wheeler purchase loan. He has been employed for 0 years and has 4 existing loan(s).","REJECTED","Debt obligations across 4 existing loan(s) impair capacity to service new credit. Score 413 indicates delinquency patterns that preclude approval at this loan size."
"59","Ms. Rekha Dhobi works at Indian Railways for the past 15 years. Her credit score stands at 893 and monthly take-home is Rs.172233. She is requesting Rs.500000 for wedding and currently has 0 existing loan(s).","APPROVED","15 years at the same employer signals career stability and predictable income. Credit profile evidenced by score 893 supports a positive underwriting decision."
"60","Ms. Geeta Ansari works at Tech Mahindra for the past 10 years. Her credit score stands at 853 and monthly take-home is Rs.268867. She is requesting Rs.1000000 for personal emergency and currently has 0 existing loan(s).","APPROVED","10 years at the same employer signals career stability and predictable income. Outstanding obligations of 0 loan(s) leave adequate headroom for this facility."
"61","Ms. Priya Verma works at an auto-rickshaw cooperative for the past 2 years. Her credit score stands at 428 and monthly take-home is Rs.8178. She is requesting Rs.100000 for home purchase and currently has 3 existing loan(s).","REJECTED","A score of 428 reflects repayment irregularities unacceptable for this exposure. A 2-year work record does not provide adequate income stability assurance."
"62","Mr. Santosh Paswan has approached us for a vehicle purchase loan of Rs.1500000. Background: 6-year employee at Indian Railways. Earning Rs.276686 per month. Credit bureau shows 842. Outstanding loans: 0. City: Patna.","APPROVED","Current debt load of 0 outstanding loan(s) is manageable given income level. Employment tenure of 6 years signals earnings continuity."
"63","Credit profile of Mr. Mohammed Ansari: CIBIL 860. Monthly income Rs.268701. Employer: a construction firm (14 years). Loan request: Rs.1000000 (debt consolidation). Existing liabilities: 0 loan(s) outstanding. Based in Ahmedabad.","APPROVED","Income level of Rs.268701/month is sufficient to absorb the loan obligation without stress. A CIBIL score of 860 demonstrates consistent repayment discipline."
"64","Credit profile of Mr. Ajay Abbas: CIBIL 825. Monthly income Rs.184362. Employer: a small restaurant (6 years). Loan request: Rs.1500000 (home renovation). Existing liabilities: 0 loan(s) outstanding. Based in Bengaluru.","APPROVED","The 825 credit score reflects a reliable repayment track record. Monthly income of Rs.184362 comfortably supports the projected EMI of Rs.41667."
"65","Ms. Kavita Sharma works at Paytm for the past 1 years. Her credit score stands at 428 and monthly take-home is Rs.5748. She is requesting Rs.100000 for shop renovation and currently has 4 existing loan(s).","REJECTED","Employment duration of 1 year(s) presents unacceptable income continuity risk. A score of 428 reflects repayment irregularities unacceptable for this exposure."
"66","Credit profile of Ms. Zara Sharma: CIBIL 406. Monthly income Rs.5412. Employer: a small restaurant (1 years). Loan request: Rs.50000 (agricultural equipment). Existing liabilities: 5 loan(s) outstanding. Based in Hyderabad.","REJECTED","The 1-year tenure fails to meet the minimum employment history requirement. Score 406 indicates delinquency patterns that preclude approval at this loan size."
"67","Mr. Manoj Patel has approached us for a travel loan of Rs.150000. Background: 0-year employee at a private security firm. Earning Rs.7286 per month. Credit bureau shows 406. Outstanding loans: 5. City: Mumbai.","REJECTED","A 0-year work record does not provide adequate income stability assurance. The Rs.7286 salary cannot comfortably absorb the proposed loan without financial strain."
"68","Credit profile of Ms. Ritu Chopra: CIBIL 441. Monthly income Rs.6292. Employer: Infosys (1 years). Loan request: Rs.150000 (shop renovation). Existing liabilities: 4 loan(s) outstanding. Based in Patna.","REJECTED","The 441 score places the applicant outside the bank's approved risk segment. Rs.6292 monthly earnings do not support the projected debt service of Rs.4167."
"69","Mr. Akash Mehta has approached us for a medical emergency loan of Rs.100000. Background: 0-year employee at Wipro. Earning Rs.12569 per month. Credit bureau shows 444. Outstanding loans: 3. City: Lucknow.","REJECTED","Short employment history of 0 year(s) elevates default probability materially. 3 existing loan(s) push total debt obligations beyond acceptable DTI limits."
"70","Mr. Ramesh Desai's monthly salary of Rs.11638 at HDFC Bank, with a CIBIL score of 425, is applying for a Rs.50000 home renovation loan. He has been employed for 1 years and has 4 existing loan(s).","REJECTED","The 1-year tenure fails to meet the minimum employment history requirement. A score of 425 reflects repayment irregularities unacceptable for this exposure."
"71","Mr. Ravi Dubey works at HCL Technologies for the past 1 years. His credit score stands at 425 and monthly take-home is Rs.13345. He is requesting Rs.150000 for working capital and currently has 4 existing loan(s).","REJECTED","Employment duration of 1 year(s) presents unacceptable income continuity risk. Debt obligations across 4 existing loan(s) impair capacity to service new credit."
"72","Ms. Zara Paswan works at a small restaurant for the past 7 years. Her credit score stands at 809 and monthly take-home is Rs.220076. She is requesting Rs.2000000 for working capital and currently has 0 existing loan(s).","APPROVED","Bureau assessment of 809 aligns with the bank's approval criteria. Monthly take-home of Rs.220076 ensures debt service does not exceed prudent thresholds."
"73","Ms. Ayesha Ansari works at Infosys for the past 8 years. Her credit score stands at 871 and monthly take-home is Rs.225580. She is requesting Rs.1500000 for two-wheeler purchase and currently has 0 existing loan(s).","APPROVED","Credit profile evidenced by score 871 supports a positive underwriting decision. Monthly take-home of Rs.225580 ensures debt service does not exceed prudent thresholds."
"74","Mr. Ahmed Hussain has approached us for a medical emergency loan of Rs.2000000. Background: 6-year employee at BSNL. Earning Rs.155833 per month. Credit bureau shows 851. Outstanding loans: 0. City: Nagpur.","APPROVED","The Rs.155833 monthly income comfortably justifies the Rs.2000000 exposure. Credit profile evidenced by score 851 supports a positive underwriting decision."
"75","Credit profile of Ms. Priya Joshi: CIBIL 430. Monthly income Rs.12308. Employer: a private security firm (2 years). Loan request: Rs.100000 (medical emergency). Existing liabilities: 3 loan(s) outstanding. Based in Nagpur.","REJECTED","The 430 score places the applicant outside the bank's approved risk segment. Employment duration of 2 year(s) presents unacceptable income continuity risk."
"76","Ms. Rukhsar Khanna's monthly salary of Rs.6137 at Infosys, with a CIBIL score of 440, is applying for a Rs.150000 wedding loan. She has been employed for 1 years and has 3 existing loan(s).","REJECTED","Monthly income of Rs.6137 is insufficient to service Rs.150000 at Rs.4167/month. CIBIL score of 440 falls below the minimum threshold of 650 for this product."
"77","Ms. Neha Dubey has approached us for a home renovation loan of Rs.50000. Background: 0-year employee at a clinic. Earning Rs.6347 per month. Credit bureau shows 446. Outstanding loans: 3. City: Ahmedabad.","REJECTED","The 0-year tenure fails to meet the minimum employment history requirement. CIBIL score of 446 falls below the minimum threshold of 650 for this product."
"78","Ms. Nisha Dhobi works at a freelance IT consultancy for the past 9 years. Her credit score stands at 871 and monthly take-home is Rs.210817. She is requesting Rs.3000000 for laptop and equipment and currently has 0 existing loan(s).","APPROVED","Credit bureau score of 871 indicates low default probability. Income level of Rs.210817/month is sufficient to absorb the loan obligation without stress."
"79","Mr. Vikas Trivedi works at a construction firm for the past 1 years. His credit score stands at 430 and monthly take-home is Rs.10243. He is requesting Rs.150000 for personal emergency and currently has 3 existing loan(s).","REJECTED","The 1-year tenure fails to meet the minimum employment history requirement. Current liability of 3 loan(s) saturates available repayment capacity."
"80","Ms. Preeti Patel's monthly salary of Rs.7254 at Paytm, with a CIBIL score of 449, is applying for a Rs.150000 business expansion loan. She has been employed for 0 years and has 4 existing loan(s).","REJECTED","Current liability of 4 loan(s) saturates available repayment capacity. A bureau score of 449 is below the risk-adjusted minimum for unsecured lending."
"81","Credit profile of Mr. Suresh Mirza: CIBIL 847. Monthly income Rs.172662. Employer: ICICI Bank (13 years). Loan request: Rs.500000 (debt consolidation). Existing liabilities: 0 loan(s) outstanding. Based in Patna.","APPROVED","Monthly take-home of Rs.172662 ensures debt service does not exceed prudent thresholds. Strong CIBIL of 847 supports creditworthiness for this product."
"82","Credit profile of Ms. Pooja Valmiki: CIBIL 834. Monthly income Rs.217577. Employer: an auto-rickshaw cooperative (7 years). Loan request: Rs.3000000 (two-wheeler purchase). Existing liabilities: 0 loan(s) outstanding. Based in Vadodara.","APPROVED","Bureau score 834 clears the minimum threshold with adequate margin. Employment tenure of 7 years signals earnings continuity."
"83","Ms. Ritu Pillai has approached us for a personal emergency loan of Rs.150000. Background: 2-year employee at a regional transport company. Earning Rs.5714 per month. Credit bureau shows 403. Outstanding loans: 4. City: Hyderabad.","REJECTED","The 2-year tenure fails to meet the minimum employment history requirement. Credit history reflected in the 403 score presents unacceptable default probability."
"84","Ms. Sunita Khanna has approached us for a vehicle purchase loan of Rs.100000. Background: 0-year employee at Reliance Retail. Earning Rs.12520 per month. Credit bureau shows 442. Outstanding loans: 3. City: Kolkata.","REJECTED","A 0-year work record does not provide adequate income stability assurance. The 442 rating does not clear the floor requirement for the requested product."
"85","Ms. Nisha Mistry's monthly salary of Rs.227664 at a construction firm, with a CIBIL score of 861, is applying for a Rs.500000 medical emergency loan. She has been employed for 13 years and has 0 existing loan(s).","APPROVED","Employment tenure of 13 years signals earnings continuity. Credit profile evidenced by score 861 supports a positive underwriting decision."
"86","Ms. Meera Mehta has approached us for a two-wheeler purchase loan of Rs.150000. Background: 0-year employee at Infosys. Earning Rs.12596 per month. Credit bureau shows 405. Outstanding loans: 3. City: Mumbai.","REJECTED","Employment tenure of 0 year(s) is below the minimum for this loan category. With 3 active loan(s), incremental debt service is not financially feasible."
"87","Ms. Shabana Rahman's monthly salary of Rs.209542 at BSNL, with a CIBIL score of 864, is applying for a Rs.1500000 wedding loan. She has been employed for 15 years and has 0 existing loan(s).","APPROVED","Requested amount represents 0.6x annual income — within acceptable leverage limits. 15 years of stable employment reduces income volatility risk."
"88","Credit profile of Ms. Shabana Rahman: CIBIL 865. Monthly income Rs.228421. Employer: a tailoring unit (14 years). Loan request: Rs.500000 (shop renovation). Existing liabilities: 0 loan(s) outstanding. Based in Chennai.","APPROVED","14 years of stable employment reduces income volatility risk. The proposed Rs.500000 exposure equals 0.2x annual earnings — acceptable risk."
"89","Credit profile of Ms. Pooja Sharma: CIBIL 416. Monthly income Rs.12864. Employer: Bajaj Finance (0 years). Loan request: Rs.50000 (travel). Existing liabilities: 4 loan(s) outstanding. Based in Visakhapatnam.","REJECTED","Credit score 416 does not meet underwriting criteria for a Rs.50000 facility. Outstanding liabilities of 4 loan(s) exceed portfolio risk tolerance."
"90","Credit profile of Mr. Ramesh Valmiki: CIBIL 844. Monthly income Rs.240259. Employer: Tech Mahindra (6 years). Loan request: Rs.3000000 (agricultural equipment). Existing liabilities: 0 loan(s) outstanding. Based in Kolkata.","APPROVED","Credit history encoded in the 844 score is within acceptable risk bands. Debt picture with 0 existing loan(s) is within underwriting tolerance."
"91","Ms. Puja Mishra has approached us for a personal emergency loan of Rs.50000. Background: 1-year employee at a local kirana shop. Earning Rs.12796 per month. Credit bureau shows 426. Outstanding loans: 5. City: Visakhapatnam.","REJECTED","Debt obligations across 5 existing loan(s) impair capacity to service new credit. The 426 rating does not clear the floor requirement for the requested product."
"92","Mr. Ajay Pillai has approached us for a two-wheeler purchase loan of Rs.100000. Background: 2-year employee at HCL Technologies. Earning Rs.11034 per month. Credit bureau shows 404. Outstanding loans: 4. City: Vadodara.","REJECTED","Bureau rating of 404 signals prior defaults inconsistent with approval. A 2-year work record does not provide adequate income stability assurance."
"93","Mr. Farhan Hasan's monthly salary of Rs.150971 at HCL Technologies, with a CIBIL score of 879, is applying for a Rs.2000000 business expansion loan. He has been employed for 7 years and has 0 existing loan(s).","APPROVED","7 years at the same employer signals career stability and predictable income. The 1.1x income-to-loan ratio is consistent with current credit policy."
"94","Mr. Anil Mirza works at HCL Technologies for the past 5 years. His credit score stands at 876 and monthly take-home is Rs.179212. He is requesting Rs.2000000 for shop renovation and currently has 0 existing loan(s).","APPROVED","The Rs.179212 salary indicates repayment capacity well within policy limits. The 5-year employment record suggests low probability of income disruption."
"95","Ms. Rukhsar Sharma has approached us for a two-wheeler purchase loan of Rs.150000. Background: 2-year employee at Paytm. Earning Rs.9338 per month. Credit bureau shows 439. Outstanding loans: 5. City: Delhi.","REJECTED","The 2-year tenure fails to meet the minimum employment history requirement. 5 existing loan(s) push total debt obligations beyond acceptable DTI limits."
"96","Ms. Neha Lodhi's monthly salary of Rs.214987 at Reliance Retail, with a CIBIL score of 839, is applying for a Rs.2000000 vehicle purchase loan. She has been employed for 9 years and has 0 existing loan(s).","APPROVED","Loan-to-annual-income ratio of 0.8x is within the bank's underwriting ceiling. Income level of Rs.214987/month is sufficient to absorb the loan obligation without stress."
"97","Ms. Fatima Chamar's monthly salary of Rs.260289 at a regional transport company, with a CIBIL score of 863, is applying for a Rs.1500000 business expansion loan. She has been employed for 10 years and has 0 existing loan(s).","APPROVED","Credit profile evidenced by score 863 supports a positive underwriting decision. Employment tenure of 10 years signals earnings continuity."
"98","Mr. Rajesh Gupta's monthly salary of Rs.5208 at an auto-rickshaw cooperative, with a CIBIL score of 405, is applying for a Rs.50000 home purchase loan. He has been employed for 0 years and has 3 existing loan(s).","REJECTED","Employment tenure of 0 year(s) is below the minimum for this loan category. CIBIL score of 405 falls below the minimum threshold of 650 for this product."
"99","Mr. Vikas Sharma has approached us for a business expansion loan of Rs.50000. Background: 0-year employee at Tech Mahindra. Earning Rs.10076 per month. Credit bureau shows 435. Outstanding loans: 3. City: Kolkata.","REJECTED","Short employment history of 0 year(s) elevates default probability materially. With 3 active loan(s), incremental debt service is not financially feasible."
"100","Credit profile of Ms. Rekha Khan: CIBIL 882. Monthly income Rs.287850. Employer: a garment factory (15 years). Loan request: Rs.3000000 (shop renovation). Existing liabilities: 0 loan(s) outstanding. Based in Vadodara.","APPROVED","Credit bureau score of 882 indicates low default probability. Monthly take-home of Rs.287850 ensures debt service does not exceed prudent thresholds."
"101","Credit profile of Mr. Ramesh Gupta: CIBIL 403. Monthly income Rs.9431. Employer: a small restaurant (2 years). Loan request: Rs.50000 (two-wheeler purchase). Existing liabilities: 3 loan(s) outstanding. Based in Chennai.","REJECTED","The 403 score places the applicant outside the bank's approved risk segment. Employment duration of 2 year(s) presents unacceptable income continuity risk."
"102","Credit profile of Mr. Tariq Khan: CIBIL 861. Monthly income Rs.285170. Employer: a local kirana shop (8 years). Loan request: Rs.1000000 (wedding). Existing liabilities: 0 loan(s) outstanding. Based in Jaipur.","APPROVED","The 0.3x income-to-loan ratio is consistent with current credit policy. Rs.285170 monthly earnings adequately cover the estimated Rs.27778 monthly repayment."
"103","Ms. Puja Abbas works at BSNL for the past 8 years. Her credit score stands at 812 and monthly take-home is Rs.214754. She is requesting Rs.1500000 for child's education and currently has 0 existing loan(s).","APPROVED","Loan-to-annual-income ratio of 0.6x is within the bank's underwriting ceiling. Monthly take-home of Rs.214754 ensures debt service does not exceed prudent thresholds."
"104","Mr. Rakesh Lodhi works at a garment factory for the past 7 years. His credit score stands at 815 and monthly take-home is Rs.278591. He is requesting Rs.3000000 for personal emergency and currently has 0 existing loan(s).","APPROVED","Take-home of Rs.278591/month provides adequate debt service capacity. 7 years of stable employment reduces income volatility risk."
"105","Ms. Ritu Balmiki's monthly salary of Rs.190045 at a freelance IT consultancy, with a CIBIL score of 830, is applying for a Rs.1000000 shop renovation loan. She has been employed for 12 years and has 0 existing loan(s).","APPROVED","Credit profile evidenced by score 830 supports a positive underwriting decision. The Rs.190045 monthly income comfortably justifies the Rs.1000000 exposure."
"106","Credit profile of Mr. Ramesh Hussain: CIBIL 875. Monthly income Rs.212336. Employer: HDFC Bank (15 years). Loan request: Rs.2000000 (personal emergency). Existing liabilities: 0 loan(s) outstanding. Based in Delhi.","APPROVED","The proposed Rs.2000000 exposure equals 0.8x annual earnings — acceptable risk. Earnings of Rs.212336 per month reflect stable repayment capacity for this loan quantum."
"107","Credit profile of Mr. Anil Gond: CIBIL 839. Monthly income Rs.167652. Employer: Axis Bank (5 years). Loan request: Rs.1000000 (business expansion). Existing liabilities: 0 loan(s) outstanding. Based in Hyderabad.","APPROVED","Debt picture with 0 existing loan(s) is within underwriting tolerance. Credit bureau score of 839 indicates low default probability."
"108","Mr. Ramesh Kapoor's monthly salary of Rs.12883 at a garment factory, with a CIBIL score of 442, is applying for a Rs.50000 wedding loan. He has been employed for 0 years and has 5 existing loan(s).","REJECTED","A score of 442 reflects repayment irregularities unacceptable for this exposure. A 0-year work record does not provide adequate income stability assurance."
"109","Mr. Faisal Malik works at BSNL for the past 7 years. His credit score stands at 886 and monthly take-home is Rs.205953. He is requesting Rs.1000000 for laptop and equipment and currently has 0 existing loan(s).","APPROVED","Credit profile evidenced by score 886 supports a positive underwriting decision. Income level of Rs.205953/month is sufficient to absorb the loan obligation without stress."
"110","Ms. Anita Khatik has approached us for a two-wheeler purchase loan of Rs.2000000. Background: 9-year employee at Wipro. Earning Rs.208276 per month. Credit bureau shows 889. Outstanding loans: 0. City: Vadodara.","APPROVED","Rs.208276 monthly earnings adequately cover the estimated Rs.55556 monthly repayment. A score of 889 places the applicant in the low-risk credit segment."
"111","Mr. Amit Siddiqui's monthly salary of Rs.291703 at a construction firm, with a CIBIL score of 878, is applying for a Rs.3000000 travel loan. He has been employed for 8 years and has 0 existing loan(s).","APPROVED","The 0 active loan(s) do not materially impair residual repayment capacity. Rs.291703 monthly earnings adequately cover the estimated Rs.83333 monthly repayment."
"112","Ms. Rekha Ali's monthly salary of Rs.201498 at TCS, with a CIBIL score of 882, is applying for a Rs.1000000 child's education loan. She has been employed for 6 years and has 0 existing loan(s).","APPROVED","With 0 existing loan(s), the incremental obligation remains serviceable. Credit history encoded in the 882 score is within acceptable risk bands."
"113","Credit profile of Mr. Waseem Siddiqui: CIBIL 816. Monthly income Rs.243710. Employer: Bajaj Finance (13 years). Loan request: Rs.500000 (shop renovation). Existing liabilities: 0 loan(s) outstanding. Based in Chennai.","APPROVED","Bureau score 816 clears the minimum threshold with adequate margin. Sustained employment over 13 years is consistent with the repayment horizon."
"114","Ms. Yasmin Kumar's monthly salary of Rs.9937 at HCL Technologies, with a CIBIL score of 409, is applying for a Rs.50000 child's education loan. She has been employed for 1 years and has 3 existing loan(s).","REJECTED","Outstanding liabilities of 3 loan(s) exceed portfolio risk tolerance. Income continuity cannot be assumed with only 1 year(s) at current employer."
"115","Mr. Mohammed Shah's monthly salary of Rs.7324 at HCL Technologies, with a CIBIL score of 444, is applying for a Rs.150000 laptop and equipment loan. He has been employed for 1 years and has 3 existing loan(s).","REJECTED","Employment tenure of 1 year(s) is below the minimum for this loan category. The Rs.7324 salary cannot comfortably absorb the proposed loan without financial strain."
"116","Mr. Rohit Nair works at Zomato for the past 1 years. His credit score stands at 449 and monthly take-home is Rs.9956. He is requesting Rs.100000 for shop renovation and currently has 5 existing loan(s).","REJECTED","With 5 active loan(s), incremental debt service is not financially feasible. 1-year tenure is insufficient to demonstrate stable earning capacity."
"117","Mr. Imran Verma has approached us for a child's education loan of Rs.50000. Background: 0-year employee at Indian Railways. Earning Rs.13277 per month. Credit bureau shows 424. Outstanding loans: 3. City: Lucknow.","REJECTED","The 424 rating does not clear the floor requirement for the requested product. 3 existing loan(s) push total debt obligations beyond acceptable DTI limits."
"118","Credit profile of Ms. Shazia Khanna: CIBIL 408. Monthly income Rs.6613. Employer: Zomato (1 years). Loan request: Rs.150000 (debt consolidation). Existing liabilities: 3 loan(s) outstanding. Based in Lucknow.","REJECTED","The 408 score places the applicant outside the bank's approved risk segment. 1-year tenure is insufficient to demonstrate stable earning capacity."
"119","Ms. Fatima Pathan works at a garment factory for the past 14 years. Her credit score stands at 891 and monthly take-home is Rs.228733. She is requesting Rs.2000000 for working capital and currently has 0 existing loan(s).","APPROVED","The Rs.228733 salary indicates repayment capacity well within policy limits. The 891 credit score reflects a reliable repayment track record."
"120","Ms. Anjali Balmiki has approached us for a home purchase loan of Rs.1500000. Background: 14-year employee at a small restaurant. Earning Rs.288658 per month. Credit bureau shows 852. Outstanding loans: 0. City: Ahmedabad.","APPROVED","Salary of Rs.288658 per month leaves sufficient margin after the Rs.41667 EMI obligation. Strong CIBIL of 852 supports creditworthiness for this product."
"121","Credit profile of Mr. Rakesh Qureshi: CIBIL 857. Monthly income Rs.166652. Employer: TCS (8 years). Loan request: Rs.500000 (personal emergency). Existing liabilities: 0 loan(s) outstanding. Based in Ahmedabad.","APPROVED","8 years at the same employer signals career stability and predictable income. Existing liability of 0 loan(s) is within acceptable portfolio exposure limits."
"122","Mr. Arjun Trivedi works at a construction firm for the past 0 years. His credit score stands at 445 and monthly take-home is Rs.5307. He is requesting Rs.150000 for business expansion and currently has 3 existing loan(s).","REJECTED","Take-home of Rs.5307 is below the minimum income requirement for Rs.150000 exposure. The 445 score places the applicant outside the bank's approved risk segment."
"123","Ms. Nisha Balmiki's monthly salary of Rs.208289 at HCL Technologies, with a CIBIL score of 810, is applying for a Rs.500000 working capital loan. She has been employed for 8 years and has 0 existing loan(s).","APPROVED","The Rs.208289 salary indicates repayment capacity well within policy limits. Credit bureau score of 810 indicates low default probability."
"124","Credit profile of Ms. Zara Mehta: CIBIL 421. Monthly income Rs.9647. Employer: a clinic (0 years). Loan request: Rs.150000 (home purchase). Existing liabilities: 5 loan(s) outstanding. Based in Visakhapatnam.","REJECTED","Credit score 421 does not meet underwriting criteria for a Rs.150000 facility. Existing exposure of 5 loan(s) exhausts the applicant's repayment bandwidth."
"125","Ms. Meera Ansari's monthly salary of Rs.279772 at a freelance IT consultancy, with a CIBIL score of 806, is applying for a Rs.1500000 laptop and equipment loan. She has been employed for 11 years and has 0 existing loan(s).","APPROVED","Existing liability of 0 loan(s) is within acceptable portfolio exposure limits. Requested amount represents 0.5x annual income — within acceptable leverage limits."
"126","Ms. Preeti Mistry works at Tata Motors for the past 14 years. Her credit score stands at 890 and monthly take-home is Rs.268752. She is requesting Rs.1000000 for shop renovation and currently has 0 existing loan(s).","APPROVED","Consistent employment over 14 years mitigates income interruption risk. Loan-to-annual-income ratio of 0.3x is within the bank's underwriting ceiling."
"127","Credit profile of Ms. Yasmin Balmiki: CIBIL 866. Monthly income Rs.238494. Employer: an auto-rickshaw cooperative (13 years). Loan request: Rs.2000000 (shop renovation). Existing liabilities: 0 loan(s) outstanding. Based in Mumbai.","APPROVED","A 13-year tenure demonstrates occupational stability and reliable cash flow. The 0.7x income-to-loan ratio is consistent with current credit policy."
"128","Credit profile of Ms. Sunita Mirza: CIBIL 848. Monthly income Rs.293821. Employer: Flipkart (9 years). Loan request: Rs.3000000 (travel). Existing liabilities: 0 loan(s) outstanding. Based in Bhopal.","APPROVED","Income of Rs.293821 monthly supports the loan at a 28% EMI-to-income ratio. The 9-year employment record suggests low probability of income disruption."
"129","Ms. Neha Valmiki's monthly salary of Rs.221061 at a tailoring unit, with a CIBIL score of 884, is applying for a Rs.1000000 debt consolidation loan. She has been employed for 15 years and has 0 existing loan(s).","APPROVED","The 884 rating confirms no material defaults in recent credit history. Rs.221061 monthly earnings adequately cover the estimated Rs.27778 monthly repayment."
"130","Mr. Abdul Mondal has approached us for a two-wheeler purchase loan of Rs.2000000. Background: 5-year employee at BSNL. Earning Rs.248108 per month. Credit bureau shows 887. Outstanding loans: 0. City: Bhopal.","APPROVED","Earnings of Rs.248108 per month reflect stable repayment capacity for this loan quantum. Credit bureau score of 887 indicates low default probability."
"131","Credit profile of Ms. Kavita Rao: CIBIL 414. Monthly income Rs.7634. Employer: HCL Technologies (0 years). Loan request: Rs.100000 (wedding). Existing liabilities: 5 loan(s) outstanding. Based in Nagpur.","REJECTED","A 0-year work record does not provide adequate income stability assurance. Bureau rating of 414 signals prior defaults inconsistent with approval."
"132","Mr. Akash Khan works at a dairy cooperative for the past 12 years. His credit score stands at 857 and monthly take-home is Rs.264795. He is requesting Rs.3000000 for personal emergency and currently has 0 existing loan(s).","APPROVED","A 12-year tenure demonstrates occupational stability and reliable cash flow. Bureau score 857 clears the minimum threshold with adequate margin."
"133","Mr. Akash Pillai's monthly salary of Rs.7275 at Axis Bank, with a CIBIL score of 443, is applying for a Rs.50000 two-wheeler purchase loan. He has been employed for 1 years and has 4 existing loan(s).","REJECTED","Employment duration of 1 year(s) presents unacceptable income continuity risk. A bureau score of 443 is below the risk-adjusted minimum for unsecured lending."
"134","Ms. Sunita Valmiki has approached us for a two-wheeler purchase loan of Rs.1000000. Background: 15-year employee at a clinic. Earning Rs.280471 per month. Credit bureau shows 838. Outstanding loans: 0. City: Indore.","APPROVED","Credit bureau score of 838 indicates low default probability. Earnings of Rs.280471 per month reflect stable repayment capacity for this loan quantum."
"135","Mr. Mukesh Lodhi has approached us for a child's education loan of Rs.3000000. Background: 12-year employee at TCS. Earning Rs.294525 per month. Credit bureau shows 834. Outstanding loans: 0. City: Kanpur.","APPROVED","A CIBIL score of 834 demonstrates consistent repayment discipline. Salary of Rs.294525 per month leaves sufficient margin after the Rs.83333 EMI obligation."
"136","Mr. Mukesh Tiwari has approached us for a travel loan of Rs.100000. Background: 1-year employee at a garment factory. Earning Rs.7055 per month. Credit bureau shows 427. Outstanding loans: 5. City: Jaipur.","REJECTED","Employment tenure of 1 year(s) is below the minimum for this loan category. A score of 427 reflects repayment irregularities unacceptable for this exposure."
"137","Ms. Puja Shaikh's monthly salary of Rs.255070 at a dairy cooperative, with a CIBIL score of 839, is applying for a Rs.2000000 wedding loan. She has been employed for 14 years and has 0 existing loan(s).","APPROVED","Earnings of Rs.255070 per month reflect stable repayment capacity for this loan quantum. A score of 839 places the applicant in the low-risk credit segment."
"138","Mr. Irfan Ansari's monthly salary of Rs.283888 at a clinic, with a CIBIL score of 898, is applying for a Rs.1000000 working capital loan. He has been employed for 5 years and has 0 existing loan(s).","APPROVED","Income level of Rs.283888/month is sufficient to absorb the loan obligation without stress. The proposed Rs.1000000 exposure equals 0.3x annual earnings — acceptable risk."
"139","Ms. Meera Trivedi works at TCS for the past 1 years. Her credit score stands at 449 and monthly take-home is Rs.8676. She is requesting Rs.100000 for personal emergency and currently has 5 existing loan(s).","REJECTED","A score of 449 reflects repayment irregularities unacceptable for this exposure. A 1-year work record does not provide adequate income stability assurance."
"140","Ms. Ayesha Chopra works at Axis Bank for the past 1 years. Her credit score stands at 415 and monthly take-home is Rs.9903. She is requesting Rs.50000 for personal emergency and currently has 5 existing loan(s).","REJECTED","A score of 415 reflects repayment irregularities unacceptable for this exposure. 5 active obligations indicate over-leveraging inconsistent with approval."
"141","Ms. Geeta Dubey has approached us for a travel loan of Rs.100000. Background: 1-year employee at a government school. Earning Rs.14416 per month. Credit bureau shows 438. Outstanding loans: 5. City: Kanpur.","REJECTED","Score 438 indicates delinquency patterns that preclude approval at this loan size. 5 existing loan(s) push total debt obligations beyond acceptable DTI limits."
"142","Mr. Santosh Sheikh works at a clinic for the past 7 years. His credit score stands at 850 and monthly take-home is Rs.189728. He is requesting Rs.1500000 for wedding and currently has 0 existing loan(s).","APPROVED","Existing liability of 0 loan(s) is within acceptable portfolio exposure limits. Income of Rs.189728 monthly supports the loan at a 22% EMI-to-income ratio."
"143","Mr. Manoj Rahman's monthly salary of Rs.218642 at a dairy cooperative, with a CIBIL score of 886, is applying for a Rs.2000000 shop renovation loan. He has been employed for 5 years and has 0 existing loan(s).","APPROVED","Bureau score 886 clears the minimum threshold with adequate margin. The 0 active loan(s) do not materially impair residual repayment capacity."
"144","Credit profile of Mr. Vikram Iyer: CIBIL 436. Monthly income Rs.7083. Employer: Wipro (1 years). Loan request: Rs.150000 (medical emergency). Existing liabilities: 5 loan(s) outstanding. Based in Delhi.","REJECTED","Debt obligations across 5 existing loan(s) impair capacity to service new credit. Rs.7083 monthly earnings do not support the projected debt service of Rs.4167."
"145","Credit profile of Ms. Divya Pathan: CIBIL 803. Monthly income Rs.210850. Employer: Bajaj Finance (12 years). Loan request: Rs.3000000 (laptop and equipment). Existing liabilities: 0 loan(s) outstanding. Based in Lucknow.","APPROVED","The Rs.210850 monthly income comfortably justifies the Rs.3000000 exposure. Bureau assessment of 803 aligns with the bank's approval criteria."
"146","Mr. Akash Gupta works at Indian Railways for the past 0 years. His credit score stands at 441 and monthly take-home is Rs.9374. He is requesting Rs.50000 for debt consolidation and currently has 5 existing loan(s).","REJECTED","Debt obligations across 5 existing loan(s) impair capacity to service new credit. Employment tenure of 0 year(s) is below the minimum for this loan category."
"147","Credit profile of Ms. Seema Sharma: CIBIL 406. Monthly income Rs.14169. Employer: a private security firm (1 years). Loan request: Rs.50000 (two-wheeler purchase). Existing liabilities: 3 loan(s) outstanding. Based in Vadodara.","REJECTED","The 406 score places the applicant outside the bank's approved risk segment. 3 existing loan(s) push total debt obligations beyond acceptable DTI limits."
"148","Ms. Sana Rahman works at Paytm for the past 5 years. Her credit score stands at 888 and monthly take-home is Rs.242881. She is requesting Rs.2000000 for child's education and currently has 0 existing loan(s).","APPROVED","Take-home of Rs.242881/month provides adequate debt service capacity. Sustained employment over 5 years is consistent with the repayment horizon."
"149","Mr. Santosh Singh's monthly salary of Rs.6521 at a local kirana shop, with a CIBIL score of 441, is applying for a Rs.50000 personal emergency loan. He has been employed for 0 years and has 4 existing loan(s).","REJECTED","4 existing loan(s) push total debt obligations beyond acceptable DTI limits. Income continuity cannot be assumed with only 0 year(s) at current employer."
"150","Ms. Shabana Shah has approached us for a debt consolidation loan of Rs.50000. Background: 0-year employee at Indian Railways. Earning Rs.6560 per month. Credit bureau shows 422. Outstanding loans: 5. City: Ahmedabad.","REJECTED","5 active obligations indicate over-leveraging inconsistent with approval. Employment duration of 0 year(s) presents unacceptable income continuity risk."
"151","Ms. Sunita Singh has approached us for a business expansion loan of Rs.150000. Background: 1-year employee at Wipro. Earning Rs.6465 per month. Credit bureau shows 412. Outstanding loans: 3. City: Hyderabad.","REJECTED","Credit history reflected in the 412 score presents unacceptable default probability. Income continuity cannot be assumed with only 1 year(s) at current employer."
"152","Ms. Divya Mirza's monthly salary of Rs.244055 at Infosys, with a CIBIL score of 899, is applying for a Rs.3000000 working capital loan. She has been employed for 14 years and has 0 existing loan(s).","APPROVED","Existing liability of 0 loan(s) is within acceptable portfolio exposure limits. Credit history encoded in the 899 score is within acceptable risk bands."
"153","Credit profile of Mr. Vikas Gupta: CIBIL 405. Monthly income Rs.12301. Employer: a private security firm (0 years). Loan request: Rs.150000 (home purchase). Existing liabilities: 3 loan(s) outstanding. Based in Vadodara.","REJECTED","With 3 active loan(s), incremental debt service is not financially feasible. Short employment history of 0 year(s) elevates default probability materially."
"154","Ms. Puja Dhobi has approached us for a home renovation loan of Rs.1500000. Background: 15-year employee at Tech Mahindra. Earning Rs.207155 per month. Credit bureau shows 864. Outstanding loans: 0. City: Kanpur.","APPROVED","The proposed Rs.1500000 exposure equals 0.6x annual earnings — acceptable risk. The Rs.207155 monthly income comfortably justifies the Rs.1500000 exposure."
"155","Credit profile of Ms. Sunita Khanna: CIBIL 430. Monthly income Rs.9807. Employer: TCS (2 years). Loan request: Rs.50000 (shop renovation). Existing liabilities: 4 loan(s) outstanding. Based in Hyderabad.","REJECTED","CIBIL score of 430 falls below the minimum threshold of 650 for this product. Employment duration of 2 year(s) presents unacceptable income continuity risk."
"156","Mr. Ramesh Mistry's monthly salary of Rs.248402 at HCL Technologies, with a CIBIL score of 833, is applying for a Rs.1500000 vehicle purchase loan. He has been employed for 8 years and has 0 existing loan(s).","APPROVED","Employment tenure of 8 years signals earnings continuity. Income level of Rs.248402/month is sufficient to absorb the loan obligation without stress."
"157","Credit profile of Mr. Imran Iyer: CIBIL 448. Monthly income Rs.11515. Employer: Bajaj Finance (0 years). Loan request: Rs.100000 (two-wheeler purchase). Existing liabilities: 4 loan(s) outstanding. Based in Vadodara.","REJECTED","Existing exposure of 4 loan(s) exhausts the applicant's repayment bandwidth. Credit bureau score of 448 indicates elevated repayment risk."
"158","Mr. Irfan Mondal has approached us for a vehicle purchase loan of Rs.3000000. Background: 12-year employee at a regional transport company. Earning Rs.242347 per month. Credit bureau shows 891. Outstanding loans: 0. City: Kolkata.","APPROVED","Salary of Rs.242347 per month leaves sufficient margin after the Rs.83333 EMI obligation. Loan-to-annual-income ratio of 1.0x is within the bank's underwriting ceiling."
"159","Ms. Priya Sharma's monthly salary of Rs.10104 at an auto-rickshaw cooperative, with a CIBIL score of 410, is applying for a Rs.100000 business expansion loan. She has been employed for 1 years and has 3 existing loan(s).","REJECTED","The 410 rating does not clear the floor requirement for the requested product. 3 active obligations indicate over-leveraging inconsistent with approval."
"160","Ms. Priya Pandey works at Indian Railways for the past 2 years. Her credit score stands at 401 and monthly take-home is Rs.11763. She is requesting Rs.50000 for personal emergency and currently has 3 existing loan(s).","REJECTED","Credit history reflected in the 401 score presents unacceptable default probability. With 3 active loan(s), incremental debt service is not financially feasible."
"161","Credit profile of Ms. Priya Chamar: CIBIL 800. Monthly income Rs.273940. Employer: a freelance IT consultancy (9 years). Loan request: Rs.500000 (personal emergency). Existing liabilities: 0 loan(s) outstanding. Based in Delhi.","APPROVED","A score of 800 places the applicant in the low-risk credit segment. A 9-year tenure demonstrates occupational stability and reliable cash flow."
"162","Credit profile of Ms. Ayesha Desai: CIBIL 408. Monthly income Rs.5651. Employer: a garment factory (0 years). Loan request: Rs.100000 (travel). Existing liabilities: 4 loan(s) outstanding. Based in Mumbai.","REJECTED","Current liability of 4 loan(s) saturates available repayment capacity. Take-home of Rs.5651 is below the minimum income requirement for Rs.100000 exposure."
"163","Ms. Kavita Pathan has approached us for a child's education loan of Rs.2000000. Background: 11-year employee at Reliance Retail. Earning Rs.260421 per month. Credit bureau shows 862. Outstanding loans: 0. City: Pune.","APPROVED","11 years of stable employment reduces income volatility risk. A CIBIL score of 862 demonstrates consistent repayment discipline."
"164","Credit profile of Mr. Faisal Siddiqui: CIBIL 888. Monthly income Rs.215893. Employer: a local kirana shop (6 years). Loan request: Rs.500000 (child's education). Existing liabilities: 0 loan(s) outstanding. Based in Jaipur.","APPROVED","Salary of Rs.215893 per month leaves sufficient margin after the Rs.13889 EMI obligation. A 6-year tenure demonstrates occupational stability and reliable cash flow."
"165","Credit profile of Mr. Vikas Dhobi: CIBIL 866. Monthly income Rs.281297. Employer: a tailoring unit (14 years). Loan request: Rs.1000000 (debt consolidation). Existing liabilities: 0 loan(s) outstanding. Based in Kanpur.","APPROVED","Credit bureau score of 866 indicates low default probability. Consistent employment over 14 years mitigates income interruption risk."
"166","Mr. Faisal Desai works at a government school for the past 2 years. His credit score stands at 409 and monthly take-home is Rs.6809. He is requesting Rs.100000 for home purchase and currently has 3 existing loan(s).","REJECTED","The 409 score places the applicant outside the bank's approved risk segment. Short employment history of 2 year(s) elevates default probability materially."
"167","Mr. Rakesh Rao's monthly salary of Rs.6465 at Tech Mahindra, with a CIBIL score of 420, is applying for a Rs.150000 medical emergency loan. He has been employed for 0 years and has 3 existing loan(s).","REJECTED","At Rs.6465/month, the EMI-to-income ratio of 64% exceeds policy limits. Existing exposure of 3 loan(s) exhausts the applicant's repayment bandwidth."
"168","Mr. Anil Ansari works at Tata Motors for the past 12 years. His credit score stands at 875 and monthly take-home is Rs.284294. He is requesting Rs.3000000 for laptop and equipment and currently has 0 existing loan(s).","APPROVED","Monthly take-home of Rs.284294 ensures debt service does not exceed prudent thresholds. Requested amount represents 0.9x annual income — within acceptable leverage limits."
"169","Credit profile of Mr. Nikhil Siddiqui: CIBIL 829. Monthly income Rs.161611. Employer: a construction firm (10 years). Loan request: Rs.500000 (medical emergency). Existing liabilities: 0 loan(s) outstanding. Based in Pune.","APPROVED","Current debt load of 0 outstanding loan(s) is manageable given income level. At 0.3x annual salary, the loan quantum does not breach leverage thresholds."
"170","Credit profile of Mr. Vikas Dhobi: CIBIL 835. Monthly income Rs.219353. Employer: Bajaj Finance (8 years). Loan request: Rs.1500000 (working capital). Existing liabilities: 0 loan(s) outstanding. Based in Jaipur.","APPROVED","A score of 835 places the applicant in the low-risk credit segment. Earnings of Rs.219353 per month reflect stable repayment capacity for this loan quantum."
"171","Ms. Amina Kumar has approached us for a laptop and equipment loan of Rs.150000. Background: 0-year employee at Flipkart. Earning Rs.14902 per month. Credit bureau shows 418. Outstanding loans: 3. City: Bengaluru.","REJECTED","The 418 score places the applicant outside the bank's approved risk segment. The 0-year tenure fails to meet the minimum employment history requirement."
"172","Credit profile of Mr. Vikram Verma: CIBIL 400. Monthly income Rs.7839. Employer: Tata Motors (1 years). Loan request: Rs.50000 (laptop and equipment). Existing liabilities: 3 loan(s) outstanding. Based in Surat.","REJECTED","The 400 score places the applicant outside the bank's approved risk segment. 3 existing loan(s) push total debt obligations beyond acceptable DTI limits."
"173","Ms. Meera Shaikh has approached us for a debt consolidation loan of Rs.2000000. Background: 7-year employee at a local kirana shop. Earning Rs.283674 per month. Credit bureau shows 877. Outstanding loans: 0. City: Kolkata.","APPROVED","Income of Rs.283674 monthly supports the loan at a 20% EMI-to-income ratio. The 877 rating confirms no material defaults in recent credit history."
"174","Mr. Tariq Joshi has approached us for a travel loan of Rs.50000. Background: 0-year employee at TCS. Earning Rs.10867 per month. Credit bureau shows 404. Outstanding loans: 4. City: Visakhapatnam.","REJECTED","Short employment history of 0 year(s) elevates default probability materially. Outstanding liabilities of 4 loan(s) exceed portfolio risk tolerance."
"175","Mr. Ahmed Ansari works at ICICI Bank for the past 11 years. His credit score stands at 860 and monthly take-home is Rs.194955. He is requesting Rs.2000000 for home renovation and currently has 0 existing loan(s).","APPROVED","A CIBIL score of 860 demonstrates consistent repayment discipline. Income of Rs.194955 monthly supports the loan at a 28% EMI-to-income ratio."
"176","Mr. Mohammed Reddy works at ICICI Bank for the past 2 years. His credit score stands at 406 and monthly take-home is Rs.7153. He is requesting Rs.150000 for home purchase and currently has 3 existing loan(s).","REJECTED","The 3 outstanding loan(s) leave insufficient residual income for this facility. Earnings of Rs.7153 per month are insufficient relative to the Rs.150000 request."
"177","Mr. Farhan Singh's monthly salary of Rs.6417 at an auto-rickshaw cooperative, with a CIBIL score of 431, is applying for a Rs.150000 two-wheeler purchase loan. He has been employed for 2 years and has 5 existing loan(s).","REJECTED","Existing exposure of 5 loan(s) exhausts the applicant's repayment bandwidth. The Rs.4167 EMI obligation would consume 65% of Rs.6417 income — unsustainable."
"178","Ms. Sunita Khan works at a construction firm for the past 8 years. Her credit score stands at 852 and monthly take-home is Rs.157796. She is requesting Rs.2000000 for business expansion and currently has 0 existing loan(s).","APPROVED","8-year work history at current employer supports income stability assumption. Credit history encoded in the 852 score is within acceptable risk bands."
"179","Credit profile of Mr. Amit Balmiki: CIBIL 894. Monthly income Rs.165388. Employer: a small restaurant (15 years). Loan request: Rs.1000000 (medical emergency). Existing liabilities: 0 loan(s) outstanding. Based in Delhi.","APPROVED","Salary of Rs.165388 per month leaves sufficient margin after the Rs.27778 EMI obligation. A score of 894 places the applicant in the low-risk credit segment."
"180","Mr. Akash Iyer has approached us for a wedding loan of Rs.50000. Background: 2-year employee at HDFC Bank. Earning Rs.5937 per month. Credit bureau shows 449. Outstanding loans: 4. City: Kolkata.","REJECTED","Credit history reflected in the 449 score presents unacceptable default probability. Employment tenure of 2 year(s) is below the minimum for this loan category."
"181","Credit profile of Mr. Imran Shaikh: CIBIL 888. Monthly income Rs.276699. Employer: Axis Bank (15 years). Loan request: Rs.1000000 (vehicle purchase). Existing liabilities: 0 loan(s) outstanding. Based in Bengaluru.","APPROVED","A 15-year tenure demonstrates occupational stability and reliable cash flow. Existing liability of 0 loan(s) is within acceptable portfolio exposure limits."
"182","Mr. Faisal Chopra has approached us for a travel loan of Rs.50000. Background: 0-year employee at Infosys. Earning Rs.11512 per month. Credit bureau shows 417. Outstanding loans: 4. City: Bengaluru.","REJECTED","Score 417 indicates delinquency patterns that preclude approval at this loan size. 4 existing loan(s) push total debt obligations beyond acceptable DTI limits."
"183","Mr. Abdul Paswan works at Reliance Retail for the past 11 years. His credit score stands at 850 and monthly take-home is Rs.192956. He is requesting Rs.2000000 for agricultural equipment and currently has 0 existing loan(s).","APPROVED","Salary of Rs.192956 per month leaves sufficient margin after the Rs.55556 EMI obligation. Credit history encoded in the 850 score is within acceptable risk bands."
"184","Mr. Ajay Gupta works at HCL Technologies for the past 1 years. His credit score stands at 419 and monthly take-home is Rs.10937. He is requesting Rs.150000 for home purchase and currently has 3 existing loan(s).","REJECTED","The 419 rating does not clear the floor requirement for the requested product. 1-year tenure is insufficient to demonstrate stable earning capacity."
"185","Mr. Deepak Chamar's monthly salary of Rs.171347 at a clinic, with a CIBIL score of 869, is applying for a Rs.500000 working capital loan. He has been employed for 15 years and has 0 existing loan(s).","APPROVED","Loan-to-annual-income ratio of 0.2x is within the bank's underwriting ceiling. 15 years at the same employer signals career stability and predictable income."
"186","Mr. Rahul Gupta works at a small restaurant for the past 2 years. His credit score stands at 412 and monthly take-home is Rs.5297. He is requesting Rs.100000 for child's education and currently has 5 existing loan(s).","REJECTED","5 existing loan(s) push total debt obligations beyond acceptable DTI limits. Income level of Rs.5297 creates unacceptable repayment stress at this loan quantum."
"187","Mr. Abdul Joshi has approached us for a working capital loan of Rs.50000. Background: 1-year employee at a government school. Earning Rs.5241 per month. Credit bureau shows 436. Outstanding loans: 4. City: Bengaluru.","REJECTED","A bureau score of 436 is below the risk-adjusted minimum for unsecured lending. With 4 active loan(s), incremental debt service is not financially feasible."
"188","Credit profile of Mr. Sanjay Rao: CIBIL 450. Monthly income Rs.8247. Employer: Indian Railways (0 years). Loan request: Rs.50000 (business expansion). Existing liabilities: 4 loan(s) outstanding. Based in Nagpur.","REJECTED","0-year tenure is insufficient to demonstrate stable earning capacity. Current liability of 4 loan(s) saturates available repayment capacity."
"189","Ms. Kavita Chopra has approached us for a debt consolidation loan of Rs.50000. Background: 0-year employee at a freelance IT consultancy. Earning Rs.11987 per month. Credit bureau shows 426. Outstanding loans: 3. City: Patna.","REJECTED","Current liability of 3 loan(s) saturates available repayment capacity. Credit bureau score of 426 indicates elevated repayment risk."
"190","Mr. Faisal Mishra's monthly salary of Rs.9825 at Infosys, with a CIBIL score of 415, is applying for a Rs.50000 laptop and equipment loan. He has been employed for 2 years and has 4 existing loan(s).","REJECTED","The 415 score places the applicant outside the bank's approved risk segment. Existing exposure of 4 loan(s) exhausts the applicant's repayment bandwidth."
"191","Ms. Meera Kulkarni's monthly salary of Rs.9252 at Paytm, with a CIBIL score of 425, is applying for a Rs.100000 shop renovation loan. She has been employed for 0 years and has 5 existing loan(s).","REJECTED","A bureau score of 425 is below the risk-adjusted minimum for unsecured lending. Employment tenure of 0 year(s) is below the minimum for this loan category."
"192","Mr. Faisal Mistry's monthly salary of Rs.208695 at an auto-rickshaw cooperative, with a CIBIL score of 835, is applying for a Rs.3000000 home purchase loan. He has been employed for 15 years and has 0 existing loan(s).","APPROVED","The Rs.208695 salary indicates repayment capacity well within policy limits. The 835 credit score reflects a reliable repayment track record."
"193","Credit profile of Ms. Geeta Pandey: CIBIL 416. Monthly income Rs.5494. Employer: a freelance IT consultancy (1 years). Loan request: Rs.150000 (medical emergency). Existing liabilities: 5 loan(s) outstanding. Based in Mumbai.","REJECTED","Short employment history of 1 year(s) elevates default probability materially. The 416 score places the applicant outside the bank's approved risk segment."
"194","Mr. Vijay Kumar works at Zomato for the past 2 years. His credit score stands at 443 and monthly take-home is Rs.8322. He is requesting Rs.150000 for agricultural equipment and currently has 5 existing loan(s).","REJECTED","Score 443 indicates delinquency patterns that preclude approval at this loan size. Rs.8322 monthly earnings do not support the projected debt service of Rs.4167."
"195","Credit profile of Ms. Sana Mirza: CIBIL 893. Monthly income Rs.228312. Employer: Infosys (5 years). Loan request: Rs.2000000 (child's education). Existing liabilities: 0 loan(s) outstanding. Based in Vadodara.","APPROVED","5 years of stable employment reduces income volatility risk. Income of Rs.228312 monthly supports the loan at a 24% EMI-to-income ratio."
"196","Credit profile of Ms. Shreya Pillai: CIBIL 405. Monthly income Rs.9427. Employer: a garment factory (0 years). Loan request: Rs.150000 (laptop and equipment). Existing liabilities: 3 loan(s) outstanding. Based in Kanpur.","REJECTED","Credit history reflected in the 405 score presents unacceptable default probability. With 3 active loan(s), incremental debt service is not financially feasible."
"197","Mr. Sanjay Hasan works at HDFC Bank for the past 14 years. His credit score stands at 816 and monthly take-home is Rs.183438. He is requesting Rs.1000000 for medical emergency and currently has 0 existing loan(s).","APPROVED","Bureau assessment of 816 aligns with the bank's approval criteria. The Rs.183438 monthly income comfortably justifies the Rs.1000000 exposure."
"198","Credit profile of Ms. Kavita Shaikh: CIBIL 817. Monthly income Rs.277658. Employer: a government school (10 years). Loan request: Rs.1500000 (business expansion). Existing liabilities: 0 loan(s) outstanding. Based in Hyderabad.","APPROVED","10 years of stable employment reduces income volatility risk. The Rs.277658 monthly income comfortably justifies the Rs.1500000 exposure."
"199","Mr. Rakesh Desai has approached us for a home renovation loan of Rs.100000. Background: 0-year employee at Tech Mahindra. Earning Rs.10248 per month. Credit bureau shows 425. Outstanding loans: 4. City: Bhopal.","REJECTED","A score of 425 reflects repayment irregularities unacceptable for this exposure. A 0-year work record does not provide adequate income stability assurance."
